<?xml version="1.0" encoding="UTF-8"?>
<project-private xmlns="http://www.netbeans.org/ns/project-private/1">
    <editor-bookmarks xmlns="http://www.netbeans.org/ns/editor-bookmarks/2" lastBookmarkId="0"/>
    <open-files xmlns="http://www.netbeans.org/ns/projectui-open-files/2">
        <group>
            <file>file:/C:/Users/abhin/OneDrive/Documents/NetBeansProjects/Billing%20Management%20System/src/login.java</file>
            <file>file:/C:/Users/abhin/OneDrive/Documents/NetBeansProjects/Billing%20Management%20System/src/billing/management/system/BillingManagementSystem.java</file>
            <file>file:/C:/Users/abhin/OneDrive/Documents/NetBeansProjects/Billing%20Management%20System/src/Project/ConnectionProvider.java</file>
            <file>file:/C:/Users/abhin/OneDrive/Documents/NetBeansProjects/Billing%20Management%20System/src/newProduct.java</file>
            <file>file:/C:/Users/abhin/OneDrive/Documents/NetBeansProjects/Billing%20Management%20System/src/deleteProduct.java</file>
            <file>file:/C:/Users/abhin/OneDrive/Documents/NetBeansProjects/Billing%20Management%20System/src/updateProduct.java</file>
            <file>file:/C:/Users/abhin/OneDrive/Documents/NetBeansProjects/Billing%20Management%20System/src/newBuyer.java</file>
            <file>file:/C:/Users/abhin/OneDrive/Documents/NetBeansProjects/Billing%20Management%20System/src/buyersDetails.java</file>
            <file>file:/C:/Users/abhin/OneDrive/Documents/NetBeansProjects/Billing%20Management%20System/src/updateBuyer.java</file>
            <file>file:/C:/Users/abhin/OneDrive/Documents/NetBeansProjects/Billing%20Management%20System/src/productDetails.java</file>
            <file>file:/C:/Users/abhin/OneDrive/Documents/NetBeansProjects/Billing%20Management%20System/src/home.java</file>
            <file>file:/C:/Users/abhin/OneDrive/Documents/NetBeansProjects/Billing%20Management%20System/src/deleteBuyer.java</file>
            <file>file:/C:/Users/abhin/OneDrive/Documents/NetBeansProjects/Billing%20Management%20System/src/billing.java</file>
        </group>
    </open-files>
</project-private>
